Number,Short Description,Change Environment,Requested By,Assigned To,Assignment Group,Service,State,Risk,Priority,Urgency,Impact,Created,Start Date,Closed,Reopen Count,Day
CHG-0000001,Certificate adjustments for new virtual database pipelines.,Failure,John Cena,John Cena,Matrix,Service C,In Progress,High,High,High,High,2025-01-01T00:11:50.000000,2025-01-01T02:11:50.000000,,1,Wednesday
CHG-0000002,Certificate update for Palo Alto gatekeeping subnet for KL relocation network.,Hardware,John Cena,John Cena,Matrix,Service C,Closed,Low,Medium,Medium,Low,2025-01-01T12:45:05.000000,2025-01-01T15:45:05.000000,2025-01-02T04:45:05.000000,0,Wednesday
CHG-0000003,Patch network appliances for compliance with wireless protocols.,Complaint,John Cena,John Cena,Matrix,Service B,Closed,High,High,High,Medium,2025-01-01T13:16:30.000000,2025-01-01T17:16:30.000000,2025-01-02T07:16:30.000000,0,Wednesday
CHG-0000004,"VUL-NET: Cisco Wireless IOS-XE Software Update for WLC9800 | Jugoslavska, CZ (PRA06).",Hardware,Shang Chi,Shang Chi,Avengers II,Service A,Closed,Low,Critical,High,High,2025-01-01T19:27:29.000000,2025-01-01T22:27:29.000000,2025-01-01T23:27:29.000000,0,Wednesday
CHG-0000005,Certificate update for Palo Alto gatekeeping subnet for KL relocation network.,Access,Loki,Loki,Avengers,Service A,Closed,Low,High,High,Medium,2025-01-01T06:16:48.000000,2025-01-01T08:16:48.000000,2025-01-02T08:16:48.000000,0,Wednesday
CHG-0000006,Online Banking external CB-APP onboarding on Radware On-prem environment.,Data,Neo,Neo,Matrix,Service C,Closed,Low,Medium,Low,Medium,2025-01-01T18:58:56.000000,2025-01-01T21:58:56.000000,2025-01-03T09:58:56.000000,0,Wednesday
CHG-0000007,Install httpd-tools on twgmmp01.zit.commerzbank.com.,Network,Iron Man,Iron Man,Avengers,Service A,Closed,Low,High,High,High,2025-01-01T06:24:36.000000,2025-01-01T12:24:36.000000,2025-01-02T07:24:36.000000,1,Wednesday
CHG-0000008,Enable additional remote IPV6 routing for Japanese production systems.,Hardware,Hulk,Hulk,Avengers,Service B,Closed,Medium,High,High,Medium,2025-01-01T06:36:35.000000,2025-01-01T08:36:35.000000,2025-01-01T17:36:35.000000,0,Wednesday
CHG-0000009,Certificate adjustments for new virtual database pipelines.,Software,John Wick,John Wick,Matrix,Service C,Closed,Low,Medium,Medium,Medium,2025-01-01T20:43:25.000000,2025-01-02T01:43:25.000000,2025-01-03T07:43:25.000000,0,Wednesday
CHG-0000010,Execution of systemctl daemon-reload to patch Prod-CSO VM resiliency.,Failure,Iron Man,Iron Man,Avengers,Service C,New,High,Low,Low,Low,2025-01-01T23:35:26.000000,,,1,Wednesday
CHG-0000011,Enable database backups at sv273046 for production environment.,Complaint,Iron Man,Iron Man,Avengers,Service C,Closed,High,Critical,High,High,2025-01-02T23:44:47.000000,2025-01-03T07:44:47.000000,2025-01-03T16:44:47.000000,0,Thursday
CHG-0000012,Grant access for backup recovery on production machine nodes in DR locations.,Complaint,Spiderman,Spiderman,Avengers II,Service C,Closed,Medium,High,High,High,2025-01-02T23:11:06.000000,2025-01-03T06:11:06.000000,2025-01-03T22:11:06.000000,0,Thursday
CHG-0000013,Test external web proxy configurations on development servers.,Software,Thor,Thor,Avengers,Service A,Closed,Low,High,High,High,2025-01-02T04:55:45.000000,2025-01-02T08:55:45.000000,2025-01-02T18:55:45.000000,0,Thursday
CHG-0000014,Case 65943239: Upgrade Ontap version to 9.14.1P12.,Hardware,Captain Marvel,Captain Marvel,Avengers II,Service B,Closed,Low,High,High,High,2025-01-02T16:10:38.000000,2025-01-02T20:10:38.000000,2025-01-03T11:10:38.000000,0,Thursday
CHG-0000015,Updating the IDRAC remote board Firmware and BIOS for timffm21.,Software,Batman,Batman,Matrix,Service C,Closed,Low,High,Medium,Medium,2025-01-02T20:37:32.000000,2025-01-03T02:37:32.000000,2025-01-03T15:37:32.000000,0,Thursday
CHG-0000016,SSL certificate renewal for SWS corporate web hosting final access gateways.,Data,Batman,Batman,Matrix,Service B,Closed,High,Critical,High,High,2025-01-02T18:28:38.000000,2025-01-03T01:28:38.000000,2025-01-03T05:28:38.000000,0,Thursday
CHG-0000017,Certificate renewal request for high-availability environment 2026.,Complaint,Captain Marvel,Captain Marvel,Avengers II,Service C,Closed,High,Low,Low,Low,2025-01-02T11:48:25.000000,2025-01-02T13:48:25.000000,2025-01-04T03:48:25.000000,0,Thursday
CHG-0000018,Certificate renewal for Avatar PROD environment 2026 - (VAA-Threat Application).,Hardware,Hulk,Hulk,Avengers,Service B,On Hold,Medium,Critical,High,Medium,2025-01-02T14:10:27.000000,,,0,Thursday
CHG-0000019,Firewall configuration changes for disaster recovery validation testing.,Software,Jack Sparrow,Jack Sparrow,Matrix,Service C,Closed,Medium,High,Medium,High,2025-01-02T02:02:51.000000,2025-01-02T10:02:51.000000,2025-01-02T23:02:51.000000,0,Thursday
CHG-0000020,New IP subnet & access point testing for KL relocation project.,Data,Thor,Thor,Avengers,Service B,Closed,Medium,High,High,Medium,2025-01-02T10:38:38.000000,2025-01-02T12:38:38.000000,2025-01-03T05:38:38.000000,1,Thursday
CHG-0000021,Certificate renewal for Avatar PROD environment 2026 - (VAA-Threat Application).,Complaint,John Wick,John Wick,Matrix,Service C,Closed,Medium,Low,Low,Low,2025-01-02T12:46:38.000000,2025-01-02T17:46:38.000000,2025-01-05T13:46:38.000000,0,Thursday
CHG-0000022,Execute hardening measures for SQL server instances post security audit.,Network,Hulk,Hulk,Avengers,Service A,Closed,Low,Medium,Medium,Low,2025-01-02T17:31:48.000000,2025-01-02T20:31:48.000000,2025-01-03T23:31:48.000000,1,Thursday
CHG-0000023,Replace legacy switches with modern devices in Market Data Environment.,Software,Shang Chi,Shang Chi,Avengers II,Service B,Closed,Low,Medium,Low,Medium,2025-01-02T10:39:24.000000,2025-01-02T14:39:24.000000,2025-01-03T09:39:24.000000,0,Thursday
CHG-0000024,Subnet migration alignment to cater towards hybrid env-discoveries (Prepare Step ongoing).,Software,Hulk,Hulk,Avengers,Service C,Closed,Medium,High,High,High,2025-01-02T10:00:27.000000,2025-01-02T17:00:27.000000,2025-01-03T05:00:27.000000,1,Thursday
CHG-0000025,Execute hardening measures for SQL server instances post security audit.,Complaint,Doctor Strange,Doctor Strange,Avengers II,Service B,Closed,High,Critical,High,High,2025-01-02T06:35:22.000000,2025-01-02T11:35:22.000000,2025-01-02T15:35:22.000000,0,Thursday
CHG-0000026,Expand edge metrics transitioning through Palo FLEX Zeon tiers vs EU roots.,Access,Thor,Thor,Avengers,Service A,Closed,High,Critical,High,High,2025-01-02T16:14:02.000000,2025-01-02T21:14:02.000000,2025-01-03T06:14:02.000000,0,Thursday
CHG-0000027,Update IDRAC remote board Firmware and BIOS for forffm71.,Software,Captain America,Captain America,Avengers,Service A,Closed,Medium,Low,Low,Low,2025-01-02T16:08:25.000000,2025-01-03T00:08:25.000000,2025-01-04T18:08:25.000000,0,Thursday
CHG-0000028,Test external web proxy configurations on development servers.,Access,Thor,Thor,Avengers,Service A,Closed,High,Critical,High,High,2025-01-02T04:34:51.000000,2025-01-02T08:34:51.000000,2025-01-02T09:34:51.000000,0,Thursday
CHG-0000029,"Server BIOS updates across remote virtual VM hosts (RESFFM01, SECFFM01).",Complaint,Doctor Strange,Doctor Strange,Avengers II,Service B,Closed,High,Critical,High,High,2025-01-02T14:03:11.000000,2025-01-02T20:03:11.000000,2025-01-03T03:03:11.000000,0,Thursday
CHG-0000030,Grant access to crontab for ta2twga on twgmmp01.zit.commerzbank.com.,Network,Shang Chi,Shang Chi,Avengers II,Service B,On Hold,Low,Medium,Low,Medium,2025-01-02T03:58:25.000000,,,0,Thursday
CHG-0000031,Update IDRAC board for core cluster PROD servers.,Software,Iron Man,Iron Man,Avengers,Service C,In Progress,Medium,High,High,Low,2025-01-02T21:36:15.000000,2025-01-03T02:36:15.000000,,0,Thursday
CHG-0000032,"Server BIOS updates across remote virtual VM hosts (RESFFM01, SECFFM01).",Access,Shang Chi,Shang Chi,Avengers II,Service C,Closed,Low,High,High,High,2025-01-02T11:39:59.000000,2025-01-02T15:39:59.000000,2025-01-03T13:39:59.000000,0,Thursday
CHG-0000033,Deploy ACL rules for high-priority Office 365 tenants across European zones.,Facilities,Captain Marvel,Captain Marvel,Avengers II,Service C,Closed,Medium,Medium,Medium,Low,2025-01-02T12:26:18.000000,2025-01-02T20:26:18.000000,2025-01-03T11:26:18.000000,0,Thursday
CHG-0000034,Firewall optimization for edge routing performance post DR testing.,Complaint,Doctor Strange,Doctor Strange,Avengers II,Service B,Closed,Low,High,Medium,High,2025-01-02T23:42:39.000000,2025-01-03T03:42:39.000000,2025-01-04T02:42:39.000000,0,Thursday
CHG-0000035,Subnet migration alignment to cater towards hybrid env-discoveries (Prepare Step ongoing).,Data,Captain America,Captain America,Avengers,Service C,New,Medium,Critical,High,High,2025-01-02T17:51:06.000000,,,0,Thursday
CHG-0000036,Enable database backups at sv273046 for production environment.,Software,Captain Marvel,Captain Marvel,Avengers II,Service A,Closed,Medium,Low,Low,Low,2025-01-02T03:51:08.000000,2025-01-02T11:51:08.000000,2025-01-04T04:51:08.000000,1,Thursday
CHG-0000037,Install system monitoring scripts on AWS-hosted general-purpose non-prod servers.,Hardware,John Wick,John Wick,Matrix,Service C,Closed,Medium,Medium,Medium,Medium,2025-01-02T17:57:46.000000,2025-01-03T01:57:46.000000,2025-01-03T21:57:46.000000,0,Thursday
CHG-0000038,"VUL-NET: Apply Cisco IOS Software Update for routers at PRA, SHA, and TOK sites.",Network,Spiderman,Spiderman,Avengers II,Service A,Closed,Medium,Medium,Medium,Medium,2025-01-02T07:52:36.000000,2025-01-02T15:52:36.000000,2025-01-04T02:52:36.000000,0,Thursday
CHG-0000039,Grant access to crontab for ta2twga on twgmmp01.zit.commerzbank.com.,Hardware,Hulk,Hulk,Avengers,Service A,Closed,Medium,Critical,High,High,2025-01-03T16:56:14.000000,2025-01-03T23:56:14.000000,2025-01-04T06:56:14.000000,0,Friday
CHG-0000040,Updating the IDRAC remote board Firmware and BIOS for sonklb31.,Failure,Neo,Neo,Matrix,Service B,Closed,High,Medium,Medium,Medium,2025-01-03T16:04:08.000000,2025-01-03T23:04:08.000000,2025-01-05T02:04:08.000000,1,Friday
CHG-0000041,Update from RHEL8.9 to RHEL8.10 on database workloads (non-prod).,Software,Spiderman,Spiderman,Avengers II,Service A,Closed,High,Medium,Medium,Medium,2025-01-03T02:39:24.000000,2025-01-03T09:39:24.000000,2025-01-04T15:39:24.000000,0,Friday
CHG-0000042,Certificate adjustments for new virtual database pipelines.,Network,Iron Man,Iron Man,Avengers,Service B,Closed,Medium,Critical,High,High,2025-01-03T18:26:59.000000,2025-01-03T23:26:59.000000,2025-01-04T08:26:59.000000,0,Friday
CHG-0000043,Patch network appliances for compliance with wireless protocols.,Data,Jack Sparrow,Jack Sparrow,Matrix,Service B,Closed,Medium,Medium,Low,Medium,2025-01-03T11:20:52.000000,2025-01-03T18:20:52.000000,2025-01-05T01:20:52.000000,0,Friday
CHG-0000044,VUL-NET: Critical Juniper network patch for external office gateways.,Software,Batman,Batman,Matrix,Service B,Closed,Medium,Medium,Low,Medium,2025-01-03T11:03:04.000000,2025-01-03T18:03:04.000000,2025-01-04T23:03:04.000000,1,Friday
CHG-0000045,VUL-NET: Critical Juniper network patch for external office gateways.,Complaint,Captain Marvel,Captain Marvel,Avengers II,Service A,Closed,Medium,High,High,High,2025-01-03T15:49:01.000000,2025-01-03T20:49:01.000000,2025-01-04T07:49:01.000000,0,Friday
CHG-0000046,Online Banking external CB-APP onboarding on Radware On-prem environment.,Complaint,Loki,Loki,Avengers,Service A,Closed,Medium,Critical,High,High,2025-01-03T04:31:57.000000,2025-01-03T09:31:57.000000,2025-01-03T18:31:57.000000,0,Friday
CHG-0000047,Configuration changes for monitoring processors on Redis prototype servers.,Failure,Loki,Loki,Avengers,Service B,Closed,Low,Medium,Medium,Medium,2025-01-03T15:00:00.000000,2025-01-03T22:00:00.000000,2025-01-05T03:00:00.000000,0,Friday
CHG-0000048,SSL certificate renewal for SWS corporate web hosting final access gateways.,Facilities,Spiderman,Spiderman,Avengers II,Service B,Closed,Low,High,Medium,Medium,2025-01-03T18:47:14.000000,2025-01-03T20:47:14.000000,2025-01-04T16:47:14.000000,0,Friday
CHG-0000049,Firewall optimization for edge routing performance post DR testing.,Software,Spiderman,Spiderman,Avengers II,Service A,Closed,Low,High,High,Medium,2025-01-03T03:14:52.000000,2025-01-03T08:14:52.000000,2025-01-04T01:14:52.000000,0,Friday
CHG-0000050,Update IDRAC board for core cluster PROD servers.,Hardware,Spiderman,Spiderman,Avengers II,Service A,Closed,High,High,High,High,2025-01-03T23:15:19.000000,2025-01-04T03:15:19.000000,2025-01-04T16:15:19.000000,0,Friday
CHG-0000051,Firewall optimization for edge routing performance post DR testing.,Complaint,Captain Marvel,Captain Marvel,Avengers II,Service C,Closed,Low,Low,Low,Low,2025-01-03T12:37:23.000000,2025-01-03T18:37:23.000000,2025-01-05T01:37:23.000000,0,Friday
CHG-0000052,"VUL-NET: Cisco Wireless IOS-XE Software Update for WLC9800 | Jugoslavska, CZ (PRA06).",Facilities,Iron Man,Iron Man,Avengers,Service C,Closed,High,Critical,High,High,2025-01-04T11:03:36.000000,2025-01-04T14:03:36.000000,2025-01-04T19:03:36.000000,0,Saturday
CHG-0000053,Complete SSL foundation checks for project-focused data endpoints.,Data,John Cena,John Cena,Matrix,Service C,Closed,Low,High,High,High,2025-01-04T01:45:44.000000,2025-01-04T04:45:44.000000,2025-01-04T13:45:44.000000,0,Saturday
CHG-0000054,Certificate renewal for Avatar PROD environment 2026 - (VAA-Threat Application).,Failure,Thor,Thor,Avengers,Service B,Closed,Low,Critical,Medium,High,2025-01-04T07:19:39.000000,2025-01-04T12:19:39.000000,2025-01-04T21:19:39.000000,1,Saturday
CHG-0000055,Configuration changes for monitoring processors on Redis prototype servers.,Software,Iron Man,Iron Man,Avengers,Service B,Closed,High,High,High,High,2025-01-04T09:09:57.000000,2025-01-04T15:09:57.000000,2025-01-05T10:09:57.000000,1,Saturday
CHG-0000056,Expand edge metrics transitioning through Palo FLEX Zeon tiers vs EU roots.,Facilities,John Wick,John Wick,Matrix,Service A,Closed,Low,Critical,High,High,2025-01-04T07:13:48.000000,2025-01-04T11:13:48.000000,2025-01-04T23:13:48.000000,0,Saturday
CHG-0000057,Update from RHEL8.9 to RHEL8.10 on database workloads (non-prod).,Network,Hulk,Hulk,Avengers,Service B,Closed,High,High,High,High,2025-01-04T09:00:06.000000,2025-01-04T16:00:06.000000,2025-01-05T04:00:06.000000,0,Saturday
CHG-0000058,Execute hardening measures for SQL server instances post security audit.,Hardware,Thor,Thor,Avengers,Service C,Closed,High,Critical,High,High,2025-01-04T05:46:56.000000,2025-01-04T07:46:56.000000,2025-01-04T18:46:56.000000,0,Saturday
CHG-0000059,Software patch implementation targeting RHEL8.1 compatibility issues.,Hardware,Captain Marvel,Captain Marvel,Avengers II,Service C,Closed,High,Critical,Medium,High,2025-01-04T03:32:49.000000,2025-01-04T09:32:49.000000,2025-01-04T20:32:49.000000,0,Saturday
CHG-0000060,Execution of systemctl daemon-reload to patch Prod-CSO VM resiliency.,Network,Spiderman,Spiderman,Avengers II,Service B,Closed,High,High,High,Medium,2025-01-04T04:10:31.000000,2025-01-04T10:10:31.000000,2025-01-04T21:10:31.000000,0,Saturday
CHG-0000061,Certificate renewal for cloud-hosted services 2026.,Complaint,John Cena,John Cena,Matrix,Service B,Closed,Low,High,Medium,Low,2025-01-04T09:59:37.000000,2025-01-04T11:59:37.000000,2025-01-05T02:59:37.000000,0,Saturday
CHG-0000062,Adjust Volume changes incompatible fixes mid-stage (handling-/handoff migration).,Facilities,Loki,Loki,Avengers,Service C,Closed,High,High,High,High,2025-01-04T11:56:11.000000,2025-01-04T16:56:11.000000,2025-01-05T01:56:11.000000,0,Saturday
CHG-0000063,Remote board SSL Cert renewal for anysgp15 & anysgp14.,Data,Spiderman,Spiderman,Avengers II,Service B,Closed,High,Medium,Medium,Medium,2025-01-04T08:19:54.000000,2025-01-04T13:19:54.000000,2025-01-05T14:19:54.000000,0,Saturday
CHG-0000064,Request for temporary access rights on Finance application Web UI.,Hardware,Shang Chi,Shang Chi,Avengers II,Service B,Closed,Medium,High,High,Medium,2025-01-04T00:46:12.000000,2025-01-04T05:46:12.000000,2025-01-04T23:46:12.000000,0,Saturday
CHG-0000065,Case 65943239: Upgrade Ontap version to 9.14.1P12.,Failure,Hulk,Hulk,Avengers,Service B,Closed,High,Critical,Medium,High,2025-01-04T11:24:14.000000,2025-01-04T14:24:14.000000,2025-01-04T23:24:14.000000,0,Saturday
CHG-0000066,ACI switchports configuration for work orders #REQ0155328 #REQ0147118 #REQ0152855.,Data,Captain Marvel,Captain Marvel,Avengers II,Service B,New,Low,Medium,Low,Medium,2025-01-04T02:32:03.000000,,,0,Saturday
CHG-0000067,Execution of systemctl daemon-reload to patch Prod-CSO VM resiliency.,Facilities,Thor,Thor,Avengers,Service B,Closed,Medium,Medium,Medium,Medium,2025-01-04T15:47:03.000000,2025-01-04T22:47:03.000000,2025-01-05T11:47:03.000000,0,Saturday
CHG-0000068,Patch remote job runner script dependencies for IMK analytics platform.,Hardware,Jack Sparrow,Jack Sparrow,Matrix,Service C,Closed,Low,Medium,Medium,Medium,2025-01-04T15:04:53.000000,2025-01-04T17:04:53.000000,2025-01-05T23:04:53.000000,0,Saturday
CHG-0000069,Reverse fallback isolation plan post-Palo Alto Prisma failure.,Access,Captain Marvel,Captain Marvel,Avengers II,Service A,Closed,Medium,Medium,Medium,Low,2025-01-04T09:28:45.000000,2025-01-04T13:28:45.000000,2025-01-05T14:28:45.000000,0,Saturday
CHG-0000070,Updating the IDRAC remote board Firmware and BIOS for secffme2.,Facilities,Jack Sparrow,Jack Sparrow,Matrix,Service A,Closed,High,Critical,Medium,High,2025-01-04T10:48:39.000000,2025-01-04T16:48:39.000000,2025-01-04T19:48:39.000000,0,Saturday
CHG-0000071,Update IDRAC remote board Firmware and BIOS for forffm71.,Complaint,Batman,Batman,Matrix,Service A,Closed,High,Medium,Medium,Medium,2025-01-04T14:08:21.000000,2025-01-04T22:08:21.000000,2025-01-05T20:08:21.000000,1,Saturday
CHG-0000072,Update the IDRAC remote board Firmware and BIOS for secklb01.,Hardware,John Wick,John Wick,Matrix,Service A,Closed,High,High,High,Low,2025-01-04T20:57:40.000000,2025-01-05T00:57:40.000000,2025-01-05T18:57:40.000000,1,Saturday
CHG-0000073,Enable database backups at sv273046 for production environment.,Network,Neo,Neo,Matrix,Service A,Closed,High,Medium,Low,Medium,2025-01-04T06:27:56.000000,2025-01-04T11:27:56.000000,2025-01-05T09:27:56.000000,0,Saturday
CHG-0000074,VUL-NET: Critical Juniper network patch for external office gateways.,Software,Iron Man,Iron Man,Avengers,Service A,In Progress,Medium,High,Medium,Medium,2025-01-04T06:56:59.000000,2025-01-04T12:56:59.000000,,0,Saturday
CHG-0000075,"Resize virtual storage for CoreTxx_PROD database (95,38% full).",Software,Neo,Neo,Matrix,Service A,In Progress,Medium,High,High,High,2025-01-04T01:59:34.000000,2025-01-04T07:59:34.000000,,0,Saturday
CHG-0000076,Firewall subnet allocation and access provisioning for KL office gateway.,Network,Iron Man,Iron Man,Avengers,Service B,In Progress,Low,Medium,Low,Low,2025-01-04T08:00:19.000000,2025-01-04T10:00:19.000000,,0,Saturday
CHG-0000077,Emergency fall-back routing enabled for Redis cluster 6 under high throughput.,Failure,Loki,Loki,Avengers,Service A,Closed,Medium,High,High,Medium,2025-01-04T13:12:31.000000,2025-01-04T19:12:31.000000,2025-01-05T07:12:31.000000,0,Saturday
CHG-0000078,Firewall optimization for edge routing performance post DR testing.,Complaint,Hulk,Hulk,Avengers,Service A,Closed,Medium,Low,Low,Low,2025-01-04T03:02:54.000000,2025-01-04T07:02:54.000000,2025-01-05T19:02:54.000000,0,Saturday
CHG-0000079,Certificate renewal for Avatar PROD environment 2026 - (VAA-Threat Application).,Failure,Captain Marvel,Captain Marvel,Avengers II,Service A,In Progress,Low,Medium,Medium,Medium,2025-01-04T23:49:08.000000,2025-01-05T04:49:08.000000,,0,Saturday
CHG-0000080,Update IDRAC remote board Firmware and BIOS for forffm71.,Facilities,Thor,Thor,Avengers,Service C,New,Medium,High,High,High,2025-01-04T23:56:32.000000,,,0,Saturday
CHG-0000081,Execute hardening measures for SQL server instances post security audit.,Failure,Loki,Loki,Avengers,Service C,Closed,Low,Critical,High,High,2025-01-04T15:08:40.000000,2025-01-04T20:08:40.000000,2025-01-05T06:08:40.000000,0,Saturday
CHG-0000082,Deploy ACL rules for high-priority Office 365 tenants across European zones.,Network,Jack Sparrow,Jack Sparrow,Matrix,Service B,Closed,High,Medium,Medium,Medium,2025-01-04T11:15:18.000000,2025-01-04T18:15:18.000000,2025-01-05T06:15:18.000000,0,Saturday
CHG-0000083,Remote board SSL Cert renewal for anysgp15 & anysgp14.,Failure,Iron Man,Iron Man,Avengers,Service B,Closed,Low,High,High,High,2025-01-04T10:43:10.000000,2025-01-04T12:43:10.000000,2025-01-05T09:43:10.000000,0,Saturday
CHG-0000084,"Remote board SSL Cert renewal for ressgpe0 , ressgpe1 , secsgpe0 & secsgpe1.",Facilities,Neo,Neo,Matrix,Service A,Closed,Low,Low,Low,Low,2025-01-04T03:11:32.000000,2025-01-04T07:11:32.000000,2025-01-05T13:11:32.000000,0,Saturday
CHG-0000085,ACI switchports configuration for work orders #REQ0155328 #REQ0147118 #REQ0152855.,Network,Shang Chi,Shang Chi,Avengers II,Service A,Closed,Low,High,Medium,High,2025-01-04T08:05:58.000000,2025-01-04T12:05:58.000000,2025-01-04T18:05:58.000000,0,Saturday
CHG-0000086,Grant access for backup recovery on production machine nodes in DR locations.,Facilities,Iron Man,Iron Man,Avengers,Service C,Closed,Low,Critical,High,High,2025-01-04T16:33:10.000000,2025-01-04T18:33:10.000000,2025-01-05T06:33:10.000000,0,Saturday
CHG-0000087,Enable additional remote IPV6 routing for Japanese production systems.,Facilities,Thor,Thor,Avengers,Service C,Closed,High,Critical,High,Medium,2025-01-04T09:00:53.000000,2025-01-04T11:00:53.000000,2025-01-04T19:00:53.000000,0,Saturday
CHG-0000088,"Remote board SSL Cert renewal for ressgpe0 , ressgpe1 , secsgpe0 & secsgpe1.",Complaint,Captain America,Captain America,Avengers,Service A,On Hold,High,Critical,High,High,2025-01-04T14:51:53.000000,,,0,Saturday
CHG-0000089,Database configuration check for performance improvements in PROD systems.,Failure,Hulk,Hulk,Avengers,Service C,Closed,Low,Low,Low,Low,2025-01-04T07:15:08.000000,2025-01-04T15:15:08.000000,2025-01-07T15:15:08.000000,0,Saturday
CHG-0000090,Certificate renewal Digital Banking on PROD environment 2026.,Software,Loki,Loki,Avengers,Service C,Closed,Medium,High,High,High,2025-01-04T17:11:15.000000,2025-01-04T20:11:15.000000,2025-01-05T03:11:15.000000,0,Saturday
CHG-0000091,Patch remote job runner script dependencies for IMK analytics platform.,Access,Loki,Loki,Avengers,Service C,Closed,Low,Critical,High,High,2025-01-04T17:03:50.000000,2025-01-04T20:03:50.000000,2025-01-05T05:03:50.000000,0,Saturday
CHG-0000092,Certificate renewal request for high-availability environment 2026.,Facilities,Thor,Thor,Avengers,Service C,Closed,Low,Low,Low,Low,2025-01-04T19:43:56.000000,2025-01-05T00:43:56.000000,2025-01-07T11:43:56.000000,1,Saturday
CHG-0000093,Update IDRAC board for core cluster PROD servers.,Facilities,Shang Chi,Shang Chi,Avengers II,Service A,Closed,Medium,Medium,Medium,Medium,2025-01-04T23:04:20.000000,2025-01-05T03:04:20.000000,2025-01-06T12:04:20.000000,0,Saturday
CHG-0000094,Certificate renewal request for high-availability environment 2026.,Hardware,Batman,Batman,Matrix,Service C,Closed,High,Medium,Low,Low,2025-01-04T04:11:38.000000,2025-01-04T07:11:38.000000,2025-01-05T13:11:38.000000,0,Saturday
CHG-0000095,Subnet migration alignment to cater towards hybrid env-discoveries (Prepare Step ongoing).,Facilities,Thor,Thor,Avengers,Service A,Closed,Medium,Low,Low,Low,2025-01-04T15:09:19.000000,2025-01-04T17:09:19.000000,2025-01-05T21:09:19.000000,0,Saturday
CHG-0000096,Reverse fallback isolation plan post-Palo Alto Prisma failure.,Hardware,Jack Sparrow,Jack Sparrow,Matrix,Service A,Closed,High,Medium,Medium,Medium,2025-01-04T04:31:53.000000,2025-01-04T09:31:53.000000,2025-01-05T18:31:53.000000,0,Saturday
CHG-0000097,Install rsync on twgmmp01.,Facilities,Loki,Loki,Avengers,Service B,Closed,Medium,Critical,High,High,2025-01-04T04:51:41.000000,2025-01-04T08:51:41.000000,2025-01-04T09:51:41.000000,0,Saturday
CHG-0000098,Replace legacy switches with modern devices in Market Data Environment.,Failure,Hulk,Hulk,Avengers,Service C,Closed,Medium,Critical,High,Medium,2025-01-04T12:08:53.000000,2025-01-04T18:08:53.000000,2025-01-05T00:08:53.000000,0,Saturday
CHG-0000099,Restart tkmweb database servers after container update failure response.,Data,Hulk,Hulk,Avengers,Service C,Closed,Medium,High,Medium,Medium,2025-01-04T03:42:45.000000,2025-01-04T05:42:45.000000,2025-01-04T19:42:45.000000,0,Saturday
CHG-0000100,Database configuration check for performance improvements in PROD systems.,Software,Doctor Strange,Doctor Strange,Avengers II,Service C,Closed,Low,Medium,Medium,Medium,2025-01-04T10:47:52.000000,2025-01-04T14:47:52.000000,2025-01-06T02:47:52.000000,0,Saturday
CHG-0000101,Grant access for backup recovery on production machine nodes in DR locations.,Hardware,Captain America,Captain America,Avengers,Service B,Closed,Medium,High,Medium,High,2025-01-04T03:18:03.000000,2025-01-04T09:18:03.000000,2025-01-04T22:18:03.000000,0,Saturday
CHG-0000102,Certificate renewal Digital Banking on PROD environment 2026.,Software,Spiderman,Spiderman,Avengers II,Service C,On Hold,Medium,Critical,High,High,2025-01-04T16:53:26.000000,,,0,Saturday
CHG-0000103,Adjust Volume changes incompatible fixes mid-stage (handling-/handoff migration).,Failure,Loki,Loki,Avengers,Service B,Closed,Medium,Critical,High,High,2025-01-04T08:23:42.000000,2025-01-04T14:23:42.000000,2025-01-04T21:23:42.000000,0,Saturday
CHG-0000104,Adjust Volume changes incompatible fixes mid-stage (handling-/handoff migration).,Failure,Spiderman,Spiderman,Avengers II,Service B,Closed,Low,High,Medium,Low,2025-01-04T13:39:47.000000,2025-01-04T16:39:47.000000,2025-01-05T02:39:47.000000,0,Saturday
CHG-0000105,Setup additional SAML authentication nodes in DMZ environment.,Software,Thor,Thor,Avengers,Service A,Closed,Medium,Medium,Medium,Medium,2025-01-04T08:58:51.000000,2025-01-04T15:58:51.000000,2025-01-05T04:58:51.000000,0,Saturday
CHG-0000106,Install rsync on twgmmp01.,Facilities,Jack Sparrow,Jack Sparrow,Matrix,Service B,Closed,Medium,Low,Low,Low,2025-01-04T08:28:47.000000,2025-01-04T14:28:47.000000,2025-01-05T22:28:47.000000,0,Saturday
CHG-0000107,Request for temporary access rights on Finance application Web UI.,Access,Iron Man,Iron Man,Avengers,Service C,On Hold,High,High,High,High,2025-01-04T03:49:24.000000,,,0,Saturday
CHG-0000108,UC4 Agent Installation on gcetcami001.,Hardware,Hulk,Hulk,Avengers,Service A,Closed,Medium,Critical,High,High,2025-01-04T16:38:54.000000,2025-01-04T19:38:54.000000,2025-01-05T04:38:54.000000,0,Saturday
CHG-0000109,Subnet migration alignment to cater towards hybrid env-discoveries (Prepare Step ongoing).,Hardware,John Cena,John Cena,Matrix,Service A,Closed,High,Critical,High,High,2025-01-04T00:36:30.000000,2025-01-04T08:36:30.000000,2025-01-04T19:36:30.000000,0,Saturday
CHG-0000110,Replace legacy switches with modern devices in Market Data Environment.,Complaint,Neo,Neo,Matrix,Service A,On Hold,Medium,High,High,High,2025-01-05T09:37:00.000000,,,0,Sunday
CHG-0000111,Grant access to crontab for ta2twga on twgmmp01.zit.commerzbank.com.,Complaint,Hulk,Hulk,Avengers,Service A,Closed,Medium,Critical,High,Medium,2025-01-05T12:00:15.000000,2025-01-05T18:00:15.000000,2025-01-06T04:00:15.000000,0,Sunday
CHG-0000112,Execute hardening measures for SQL server instances post security audit.,Access,Hulk,Hulk,Avengers,Service B,Closed,Medium,Critical,High,High,2025-01-05T02:32:04.000000,2025-01-05T05:32:04.000000,2025-01-05T08:32:04.000000,0,Sunday
CHG-0000113,Enable database backups at sv273046 for production environment.,Failure,Captain Marvel,Captain Marvel,Avengers II,Service C,Closed,Low,Medium,Medium,Medium,2025-01-05T14:51:04.000000,2025-01-05T16:51:04.000000,2025-01-07T03:51:04.000000,0,Sunday
CHG-0000114,Emergency fall-back routing enabled for Redis cluster 6 under high throughput.,Failure,Thor,Thor,Avengers,Service B,Closed,Low,Medium,Low,Medium,2025-01-05T15:33:37.000000,2025-01-05T17:33:37.000000,2025-01-06T11:33:37.000000,0,Sunday
CHG-0000115,Restart tkmdbp01 of configuration change took longer than expected.,Data,Loki,Loki,Avengers,Service C,Closed,Medium,Medium,Low,Low,2025-01-05T06:39:38.000000,2025-01-05T14:39:38.000000,2025-01-06T09:39:38.000000,0,Sunday
CHG-0000116,Install system monitoring scripts on AWS-hosted general-purpose non-prod servers.,Access,Neo,Neo,Matrix,Service B,Closed,Medium,Medium,Low,Medium,2025-01-05T07:34:36.000000,2025-01-05T09:34:36.000000,2025-01-06T06:34:36.000000,0,Sunday
CHG-0000117,Install rsync on twgmmp01.,Access,Hulk,Hulk,Avengers,Service B,Closed,Low,Critical,Medium,Medium,2025-01-05T07:32:39.000000,2025-01-05T10:32:39.000000,2025-01-05T21:32:39.000000,0,Sunday
CHG-0000118,Certificate update for Palo Alto gatekeeping subnet for KL relocation network.,Failure,Loki,Loki,Avengers,Service B,Closed,Medium,Low,Low,Low,2025-01-05T17:53:18.000000,2025-01-05T19:53:18.000000,2025-01-07T14:53:18.000000,0,Sunday
CHG-0000119,Grant access for backup recovery on production machine nodes in DR locations.,Network,Hulk,Hulk,Avengers,Service A,Closed,High,Critical,High,High,2025-01-05T13:47:05.000000,2025-01-05T17:47:05.000000,2025-01-06T02:47:05.000000,1,Sunday
CHG-0000120,Update from RHEL8.9 to RHEL8.10 on database workloads (non-prod).,Network,Loki,Loki,Avengers,Service C,Closed,High,Low,Low,Low,2025-01-05T22:44:10.000000,2025-01-06T00:44:10.000000,2025-01-08T12:44:10.000000,0,Sunday
CHG-0000121,Replace legacy switches with modern devices in Market Data Environment.,Software,Jack Sparrow,Jack Sparrow,Matrix,Service C,Closed,Medium,Critical,High,High,2025-01-05T22:30:17.000000,2025-01-06T00:30:17.000000,2025-01-06T12:30:17.000000,0,Sunday
CHG-0000122,Increase VM capacity for ongoing AI processing workload.,Data,Thor,Thor,Avengers,Service B,Closed,High,Critical,Medium,Medium,2025-01-05T04:48:23.000000,2025-01-05T09:48:23.000000,2025-01-05T21:48:23.000000,1,Sunday
CHG-0000123,Case 65943239: Upgrade Ontap version to 9.14.1P12.,Facilities,Batman,Batman,Matrix,Service B,Closed,Medium,Low,Low,Low,2025-01-05T15:08:59.000000,2025-01-05T23:08:59.000000,2025-01-08T03:08:59.000000,0,Sunday
CHG-0000124,Execute hardening measures for SQL server instances post security audit.,Failure,John Wick,John Wick,Matrix,Service A,Closed,Medium,Medium,Low,Medium,2025-01-05T09:21:26.000000,2025-01-05T13:21:26.000000,2025-01-06T04:21:26.000000,0,Sunday
CHG-0000125,VUL-NET: Critical Juniper network patch for external office gateways.,Access,Hulk,Hulk,Avengers,Service C,Closed,Low,High,High,Low,2025-01-05T01:49:26.000000,2025-01-05T04:49:26.000000,2025-01-06T02:49:26.000000,0,Sunday
CHG-0000126,Switchport configuration for targeted hosts to enhance authentication mechanisms.,Facilities,Shang Chi,Shang Chi,Avengers II,Service B,Closed,High,Critical,High,High,2025-01-05T19:08:06.000000,2025-01-06T00:08:06.000000,2025-01-06T01:08:06.000000,0,Sunday
CHG-0000127,Case 65943239: Upgrade Ontap version to 9.14.1P12.,Facilities,Captain America,Captain America,Avengers,Service B,Closed,Low,Medium,Low,Medium,2025-01-05T01:14:44.000000,2025-01-05T05:14:44.000000,2025-01-06T04:14:44.000000,0,Sunday
CHG-0000128,Install httpd-tools on twgmmp01.zit.commerzbank.com.,Access,Spiderman,Spiderman,Avengers II,Service B,New,Low,Critical,High,High,2025-01-05T14:26:45.000000,,,0,Sunday
CHG-0000129,Grant access for backup recovery on production machine nodes in DR locations.,Hardware,Neo,Neo,Matrix,Service C,Closed,Medium,High,High,Medium,2025-01-05T05:56:52.000000,2025-01-05T07:56:52.000000,2025-01-05T15:56:52.000000,0,Sunday
CHG-0000130,Restart tkmweb database servers after container update failure response.,Complaint,Hulk,Hulk,Avengers,Service A,Closed,High,Critical,High,High,2025-01-05T23:10:05.000000,2025-01-06T03:10:05.000000,2025-01-06T05:10:05.000000,1,Sunday
CHG-0000131,Test external web proxy configurations on development servers.,Access,Thor,Thor,Avengers,Service B,Closed,Low,Medium,Medium,Medium,2025-01-05T21:10:36.000000,2025-01-06T04:10:36.000000,2025-01-06T17:10:36.000000,0,Sunday
CHG-0000132,Install Redis cluster monitoring tools in shard servers.,Facilities,Loki,Loki,Avengers,Service B,Closed,High,Critical,High,High,2025-01-05T07:16:15.000000,2025-01-05T15:16:15.000000,2025-01-06T00:16:15.000000,0,Sunday
CHG-0000133,Patch remote job runner script dependencies for IMK analytics platform.,Network,Doctor Strange,Doctor Strange,Avengers II,Service A,In Progress,Low,Medium,Low,Medium,2025-01-05T22:45:37.000000,2025-01-06T01:45:37.000000,,0,Sunday
CHG-0000134,Install httpd-tools on twgmmp01.zit.commerzbank.com.,Software,Thor,Thor,Avengers,Service A,Closed,High,High,Medium,Medium,2025-01-05T00:32:59.000000,2025-01-05T02:32:59.000000,2025-01-05T16:32:59.000000,0,Sunday
CHG-0000135,Update from RHEL8.9 to RHEL8.10 on database workloads (non-prod).,Software,Thor,Thor,Avengers,Service B,Closed,Medium,Medium,Medium,Medium,2025-01-05T06:22:55.000000,2025-01-05T14:22:55.000000,2025-01-06T19:22:55.000000,0,Sunday
CHG-0000136,Firewall rule onboarding for external SaaS applications via Palo Alto setup.,Hardware,Jack Sparrow,Jack Sparrow,Matrix,Service B,Closed,High,Critical,High,Medium,2025-01-05T10:58:13.000000,2025-01-05T16:58:13.000000,2025-01-05T23:58:13.000000,0,Sunday
CHG-0000137,Adjust Volume changes incompatible fixes mid-stage (handling-/handoff migration).,Data,Hulk,Hulk,Avengers,Service C,Closed,Low,High,High,High,2025-01-05T06:35:23.000000,2025-01-05T08:35:23.000000,2025-01-05T23:35:23.000000,0,Sunday
CHG-0000138,Restart tkmdbp01 of configuration change took longer than expected.,Data,Hulk,Hulk,Avengers,Service B,Closed,Low,Critical,High,Medium,2025-01-06T13:52:46.000000,2025-01-06T19:52:46.000000,2025-01-07T06:52:46.000000,0,Monday
CHG-0000139,Database configuration check for performance improvements in PROD systems.,Data,Captain America,Captain America,Avengers,Service A,Closed,Low,Critical,High,High,2025-01-06T08:28:36.000000,2025-01-06T16:28:36.000000,2025-01-06T23:28:36.000000,0,Monday
CHG-0000140,Adjust Volume changes incompatible fixes mid-stage (handling-/handoff migration).,Software,John Wick,John Wick,Matrix,Service B,Closed,Medium,Medium,Medium,Medium,2025-01-06T15:04:43.000000,2025-01-06T20:04:43.000000,2025-01-08T04:04:43.000000,0,Monday
CHG-0000141,Install httpd-tools on twgmmp01.zit.commerzbank.com.,Network,Shang Chi,Shang Chi,Avengers II,Service B,Closed,Low,High,Medium,High,2025-01-06T20:36:31.000000,2025-01-06T22:36:31.000000,2025-01-07T05:36:31.000000,0,Monday
CHG-0000142,Certificate renewal Digital Banking on PROD environment 2026.,Software,Jack Sparrow,Jack Sparrow,Matrix,Service B,On Hold,High,Medium,Low,Medium,2025-01-06T10:44:21.000000,,,0,Monday
CHG-0000143,Enable additional remote IPV6 routing for Japanese production systems.,Software,Captain America,Captain America,Avengers,Service A,Closed,Medium,Critical,High,High,2025-01-06T03:58:48.000000,2025-01-06T08:58:48.000000,2025-01-06T11:58:48.000000,0,Monday
CHG-0000144,Certificate renewal Digital Banking on PROD environment 2026.,Failure,Iron Man,Iron Man,Avengers,Service A,Closed,Low,High,High,Medium,2025-01-06T22:34:31.000000,2025-01-07T05:34:31.000000,2025-01-08T00:34:31.000000,0,Monday
CHG-0000145,Install Redis cluster monitoring tools in shard servers.,Facilities,John Cena,John Cena,Matrix,Service A,Closed,Low,High,High,High,2025-01-06T08:56:47.000000,2025-01-06T15:56:47.000000,2025-01-07T05:56:47.000000,0,Monday
CHG-0000146,Update from RHEL8.9 to RHEL8.10 on database workloads (non-prod).,Network,Shang Chi,Shang Chi,Avengers II,Service C,Closed,Medium,Medium,Medium,Medium,2025-01-06T07:17:28.000000,2025-01-06T14:17:28.000000,2025-01-08T01:17:28.000000,0,Monday
CHG-0000147,Enable database backups at sv273046 for production environment.,Access,Jack Sparrow,Jack Sparrow,Matrix,Service B,Closed,Low,Medium,Medium,Low,2025-01-06T15:22:46.000000,2025-01-06T17:22:46.000000,2025-01-07T15:22:46.000000,1,Monday
CHG-0000148,Initiate scheduled SAN Storage Array node reboot to resolve high uptime issue.,Failure,Captain America,Captain America,Avengers,Service C,Closed,Medium,Medium,Medium,Medium,2025-01-06T09:02:25.000000,2025-01-06T14:02:25.000000,2025-01-07T17:02:25.000000,0,Monday
CHG-0000149,Execute systemctl daemon-reload on CSO VM (PROD).,Hardware,John Cena,John Cena,Matrix,Service C,In Progress,Medium,Low,Low,Low,2025-01-06T15:26:05.000000,2025-01-06T18:26:05.000000,,0,Monday
CHG-0000150,Subnet migration alignment to cater towards hybrid env-discoveries (Prepare Step ongoing).,Access,Captain America,Captain America,Avengers,Service A,Closed,High,Critical,High,Medium,2025-01-06T02:25:24.000000,2025-01-06T10:25:24.000000,2025-01-06T13:25:24.000000,0,Monday
CHG-0000151,UC4 Agent Installation on gcetcami001.,Network,Shang Chi,Shang Chi,Avengers II,Service C,In Progress,Low,High,High,Medium,2025-01-06T00:40:29.000000,2025-01-06T05:40:29.000000,,0,Monday
CHG-0000152,Initiate scheduled SAN Storage Array node reboot to resolve high uptime issue.,Facilities,Iron Man,Iron Man,Avengers,Service C,Closed,Medium,High,High,High,2025-01-06T06:24:47.000000,2025-01-06T12:24:47.000000,2025-01-07T06:24:47.000000,0,Monday
CHG-0000153,Install Redis cluster monitoring tools in shard servers.,Failure,Neo,Neo,Matrix,Service C,Closed,Medium,High,High,Low,2025-01-06T00:52:52.000000,2025-01-06T03:52:52.000000,2025-01-06T09:52:52.000000,0,Monday
CHG-0000154,Certificate adjustments for new virtual database pipelines.,Data,Iron Man,Iron Man,Avengers,Service A,Closed,High,Critical,High,High,2025-01-06T09:31:28.000000,2025-01-06T16:31:28.000000,2025-01-07T01:31:28.000000,0,Monday
CHG-0000155,Emergency fall-back routing enabled for Redis cluster 6 under high throughput.,Network,Batman,Batman,Matrix,Service A,Closed,Low,Low,Low,Low,2025-01-06T01:01:34.000000,2025-01-06T05:01:34.000000,2025-01-08T20:01:34.000000,0,Monday
CHG-0000156,Certificate renewal for cloud-hosted services 2026.,Failure,Hulk,Hulk,Avengers,Service A,In Progress,Low,Medium,Medium,Medium,2025-01-06T20:30:56.000000,2025-01-07T00:30:56.000000,,0,Monday
CHG-0000157,Enable database backups at sv273046 for production environment.,Network,Shang Chi,Shang Chi,Avengers II,Service A,Closed,High,Critical,High,High,2025-01-06T03:34:12.000000,2025-01-06T05:34:12.000000,2025-01-06T16:34:12.000000,0,Monday
CHG-0000158,Update IDRAC board for core cluster PROD servers.,Software,Shang Chi,Shang Chi,Avengers II,Service B,Closed,High,Medium,Low,Medium,2025-01-06T21:33:08.000000,2025-01-07T03:33:08.000000,2025-01-07T20:33:08.000000,0,Monday
CHG-0000159,Expand edge metrics transitioning through Palo FLEX Zeon tiers vs EU roots.,Complaint,Loki,Loki,Avengers,Service B,Closed,High,Critical,High,High,2025-01-06T07:09:31.000000,2025-01-06T09:09:31.000000,2025-01-06T10:09:31.000000,0,Monday
CHG-0000160,Install rsync on twgmmp01.,Access,Captain America,Captain America,Avengers,Service B,Closed,Medium,High,High,Medium,2025-01-06T13:01:13.000000,2025-01-06T15:01:13.000000,2025-01-07T02:01:13.000000,1,Monday
CHG-0000161,ACI switchports configuration for work orders #REQ0155328 #REQ0147118 #REQ0152855.,Network,Shang Chi,Shang Chi,Avengers II,Service C,Closed,High,Critical,Medium,High,2025-01-06T20:46:09.000000,2025-01-07T00:46:09.000000,2025-01-07T09:46:09.000000,0,Monday
CHG-0000162,Restart tkmweb database servers after container update failure response.,Access,Captain America,Captain America,Avengers,Service C,Closed,Medium,Critical,High,High,2025-01-06T09:07:03.000000,2025-01-06T17:07:03.000000,2025-01-07T02:07:03.000000,1,Monday
CHG-0000163,TAPs installation in IMK productive connections for work order #REQ0157356.,Hardware,Batman,Batman,Matrix,Service A,Closed,Low,Low,Low,Low,2025-01-06T03:34:21.000000,2025-01-06T09:34:21.000000,2025-01-09T03:34:21.000000,0,Monday
CHG-0000164,"Remote board SSL Cert renewal for ressgpe0 , ressgpe1 , secsgpe0 & secsgpe1.",Facilities,Captain Marvel,Captain Marvel,Avengers II,Service B,Closed,High,Medium,Low,Medium,2025-01-06T05:08:37.000000,2025-01-06T07:08:37.000000,2025-01-07T09:08:37.000000,0,Monday
CHG-0000165,Increase VM capacity for ongoing AI processing workload.,Data,Doctor Strange,Doctor Strange,Avengers II,Service A,Closed,High,High,High,Medium,2025-01-06T10:26:40.000000,2025-01-06T18:26:40.000000,2025-01-07T05:26:40.000000,0,Monday
CHG-0000166,Firewall rule onboarding for external SaaS applications via Palo Alto setup.,Data,Iron Man,Iron Man,Avengers,Service C,New,Low,High,Medium,Medium,2025-01-06T00:06:45.000000,,,0,Monday
CHG-0000167,Grant access for backup recovery on production machine nodes in DR locations.,Hardware,Iron Man,Iron Man,Avengers,Service C,Closed,Low,Medium,Medium,Medium,2025-01-06T18:50:24.000000,2025-01-06T21:50:24.000000,2025-01-08T02:50:24.000000,0,Monday
CHG-0000168,TAPs installation in IMK productive connections for work order #REQ0157356.,Facilities,Loki,Loki,Avengers,Service C,Closed,Low,Medium,Medium,Medium,2025-01-06T01:34:14.000000,2025-01-06T07:34:14.000000,2025-01-06T22:34:14.000000,1,Monday
CHG-0000169,Initiate scheduled SAN Storage Array node reboot to resolve high uptime issue.,Facilities,Batman,Batman,Matrix,Service A,Closed,Low,Low,Low,Low,2025-01-06T16:42:01.000000,2025-01-07T00:42:01.000000,2025-01-08T21:42:01.000000,0,Monday
CHG-0000170,Update IDRAC board for core cluster PROD servers.,Network,Shang Chi,Shang Chi,Avengers II,Service A,Closed,Low,Medium,Low,Medium,2025-01-06T08:04:33.000000,2025-01-06T12:04:33.000000,2025-01-07T13:04:33.000000,0,Monday
CHG-0000171,Configuration changes for monitoring processors on Redis prototype servers.,Complaint,Captain America,Captain America,Avengers,Service B,Closed,High,High,High,High,2025-01-06T03:34:22.000000,2025-01-06T06:34:22.000000,2025-01-06T16:34:22.000000,0,Monday
CHG-0000172,"Remote board SSL Cert renewal for ressgpe0 , ressgpe1 , secsgpe0 & secsgpe1.",Network,Loki,Loki,Avengers,Service A,Closed,High,Medium,Medium,Medium,2025-01-06T06:11:31.000000,2025-01-06T13:11:31.000000,2025-01-07T03:11:31.000000,0,Monday
CHG-0000173,Provision new storage array in EU data center for increased redundancy.,Complaint,Shang Chi,Shang Chi,Avengers II,Service C,In Progress,Medium,Critical,High,High,2025-01-06T02:35:56.000000,2025-01-06T05:35:56.000000,,0,Monday
CHG-0000174,Updating the IDRAC remote board Firmware and BIOS for secffme2.,Data,Hulk,Hulk,Avengers,Service C,Closed,Medium,Critical,High,High,2025-01-06T22:51:02.000000,2025-01-07T05:51:02.000000,2025-01-07T12:51:02.000000,0,Monday
CHG-0000175,Execute hardening measures for SQL server instances post security audit.,Software,Captain America,Captain America,Avengers,Service C,Closed,Medium,Critical,Medium,High,2025-01-06T09:17:53.000000,2025-01-06T12:17:53.000000,2025-01-06T16:17:53.000000,0,Monday
CHG-0000176,Certificate adjustments for new virtual database pipelines.,Software,Loki,Loki,Avengers,Service A,In Progress,Medium,Low,Low,Low,2025-01-07T19:05:28.000000,2025-01-08T01:05:28.000000,,0,Tuesday
CHG-0000177,Request for temporary access rights on Finance application Web UI.,Network,Spiderman,Spiderman,Avengers II,Service A,Closed,High,Medium,Low,Medium,2025-01-07T20:26:13.000000,2025-01-07T23:26:13.000000,2025-01-09T09:26:13.000000,1,Tuesday
CHG-0000178,Patch network appliances for compliance with wireless protocols.,Software,Hulk,Hulk,Avengers,Service A,Closed,Medium,Low,Low,Low,2025-01-07T10:27:40.000000,2025-01-07T14:27:40.000000,2025-01-09T11:27:40.000000,0,Tuesday
CHG-0000179,Complete SSL foundation checks for project-focused data endpoints.,Network,Iron Man,Iron Man,Avengers,Service B,Closed,High,High,High,Medium,2025-01-07T19:32:37.000000,2025-01-07T22:32:37.000000,2025-01-08T07:32:37.000000,0,Tuesday
CHG-0000180,Firewall rule onboarding for external SaaS applications via Palo Alto setup.,Data,Captain Marvel,Captain Marvel,Avengers II,Service B,Closed,Low,Critical,Medium,Medium,2025-01-07T14:54:05.000000,2025-01-07T21:54:05.000000,2025-01-08T04:54:05.000000,0,Tuesday
CHG-0000181,"Resize virtual storage for CoreTxx_PROD database (95,38% full).",Hardware,Captain Marvel,Captain Marvel,Avengers II,Service A,Closed,High,Medium,Medium,Medium,2025-01-07T16:23:17.000000,2025-01-07T23:23:17.000000,2025-01-09T06:23:17.000000,0,Tuesday
CHG-0000182,UC4 Agent Installation on gcetcami001.,Hardware,Hulk,Hulk,Avengers,Service C,Closed,Medium,Critical,High,Medium,2025-01-07T09:49:37.000000,2025-01-07T17:49:37.000000,2025-01-08T00:49:37.000000,0,Tuesday
CHG-0000183,Patch remote job runner script dependencies for IMK analytics platform.,Complaint,Iron Man,Iron Man,Avengers,Service A,Closed,Low,Low,Low,Low,2025-01-07T16:08:19.000000,2025-01-08T00:08:19.000000,2025-01-09T01:08:19.000000,0,Tuesday
CHG-0000184,Firewall optimization for edge routing performance post DR testing.,Complaint,Doctor Strange,Doctor Strange,Avengers II,Service A,Closed,High,Critical,High,Medium,2025-01-07T13:44:43.000000,2025-01-07T17:44:43.000000,2025-01-07T18:44:43.000000,0,Tuesday
CHG-0000185,Firewall optimization for edge routing performance post DR testing.,Software,John Cena,John Cena,Matrix,Service A,New,High,Medium,Medium,Medium,2025-01-07T20:39:10.000000,,,0,Tuesday
CHG-0000186,Certificate renewal for Avatar PROD environment 2026 - (VAA-Threat Application).,Software,Thor,Thor,Avengers,Service A,New,Low,Critical,High,Medium,2025-01-07T05:30:46.000000,,,0,Tuesday
CHG-0000187,Firewall subnet allocation and access provisioning for KL office gateway.,Data,Shang Chi,Shang Chi,Avengers II,Service C,Closed,Low,Medium,Low,Medium,2025-01-07T05:41:50.000000,2025-01-07T11:41:50.000000,2025-01-08T09:41:50.000000,0,Tuesday
CHG-0000188,Configuration changes for monitoring processors on Redis prototype servers.,Access,Captain Marvel,Captain Marvel,Avengers II,Service B,Closed,Medium,Low,Low,Low,2025-01-07T08:20:40.000000,2025-01-07T13:20:40.000000,2025-01-08T23:20:40.000000,0,Tuesday
CHG-0000189,Patch remote job runner script dependencies for IMK analytics platform.,Network,Captain Marvel,Captain Marvel,Avengers II,Service B,Closed,Low,High,High,High,2025-01-07T12:38:45.000000,2025-01-07T14:38:45.000000,2025-01-08T00:38:45.000000,0,Tuesday
CHG-0000190,"Server BIOS updates across remote virtual VM hosts (RESFFM01, SECFFM01).",Data,Doctor Strange,Doctor Strange,Avengers II,Service B,Closed,Low,Critical,High,High,2025-01-07T16:04:15.000000,2025-01-07T21:04:15.000000,2025-01-08T09:04:15.000000,0,Tuesday
CHG-0000191,Firewall configuration changes for disaster recovery validation testing.,Facilities,Shang Chi,Shang Chi,Avengers II,Service C,Closed,Low,Low,Low,Low,2025-01-07T08:15:04.000000,2025-01-07T10:15:04.000000,2025-01-09T11:15:04.000000,1,Tuesday
CHG-0000192,Database configuration check for performance improvements in PROD systems.,Network,Captain Marvel,Captain Marvel,Avengers II,Service B,Closed,Medium,Medium,Low,Medium,2025-01-07T14:19:09.000000,2025-01-07T21:19:09.000000,2025-01-08T16:19:09.000000,0,Tuesday
CHG-0000193,Updating the IDRAC remote board Firmware and BIOS for timffm21.,Access,Captain Marvel,Captain Marvel,Avengers II,Service A,In Progress,Medium,Low,Low,Low,2025-01-07T13:51:13.000000,2025-01-07T18:51:13.000000,,0,Tuesday
CHG-0000194,Expand edge metrics transitioning through Palo FLEX Zeon tiers vs EU roots.,Facilities,Shang Chi,Shang Chi,Avengers II,Service C,Closed,High,Medium,Medium,Medium,2025-01-07T07:12:28.000000,2025-01-07T13:12:28.000000,2025-01-08T02:12:28.000000,0,Tuesday
CHG-0000195,Execution of systemctl daemon-reload to patch Prod-CSO VM resiliency.,Facilities,Captain America,Captain America,Avengers,Service C,Closed,Medium,Critical,High,Medium,2025-01-07T07:53:33.000000,2025-01-07T13:53:33.000000,2025-01-07T16:53:33.000000,0,Tuesday
CHG-0000196,Restart tkmweb database servers after container update failure response.,Data,Captain Marvel,Captain Marvel,Avengers II,Service B,Closed,Medium,Low,Low,Low,2025-01-07T20:45:44.000000,2025-01-07T22:45:44.000000,2025-01-09T15:45:44.000000,0,Tuesday
CHG-0000197,Updating the IDRAC remote board Firmware and BIOS for sonklb31.,Software,Hulk,Hulk,Avengers,Service A,Closed,Low,Critical,High,High,2025-01-07T18:50:58.000000,2025-01-08T00:50:58.000000,2025-01-08T06:50:58.000000,1,Tuesday
CHG-0000198,Install system monitoring scripts on AWS-hosted general-purpose non-prod servers.,Software,Doctor Strange,Doctor Strange,Avengers II,Service B,Closed,High,Medium,Medium,Medium,2025-01-07T15:38:55.000000,2025-01-07T23:38:55.000000,2025-01-09T11:38:55.000000,0,Tuesday
